{"kt": 1.6359173101054076, "R": 2.7078116509882793, "armature": 0.004405562825058058, "q_offset": -0.04028283443292213, "friction_base": 0.17724938792007428, "friction_stribeck": 0.14652116088896808, "load_friction_motor": 0.06092280917461764, "load_friction_external": 0.38401217782110403, "load_friction_motor_stribeck": 0.8147049160769709, "load_friction_external_stribeck": 0.5774909675865915, "dtheta_stribeck": 1.5092803507110326, "alpha": 2.7599377473050004, "friction_viscous": 0.04702401462987038, "model": "m5", "actuator": "xl330"}