{"kt": 0.3607129668743819, "R": 4.484384418714098, "armature": 0.0010154055191031622, "q_offset": 0.06850882017729507, "friction_base": 0.1929993477882146, "friction_stribeck": 0.16897862983065723, "dtheta_stribeck": 1.10646887484694, "alpha": 2.997647966479167, "friction_viscous": 0.04144189167314805, "model": "m2", "actuator": "xl330"}