{"kt": 1.4395495772902764, "R": 1.9028957490728198, "armature": 0.0032021091183258763, "q_offset": 0.07546808568060145, "friction_base": 0.19108452566672243, "friction_stribeck": 0.1842687323416335, "load_friction_motor": 0.24973993412960607, "load_friction_external": 0.23075887793339842, "load_friction_motor_stribeck": 0.6366383073543479, "load_friction_external_stribeck": 0.24547390185088966, "load_friction_motor_quad": 0.0028246609888961023, "load_friction_external_quad": 0.0005194708374082766, "dtheta_stribeck": 1.5243169334488162, "alpha": 2.6836990197682393, "friction_viscous": 0.07231121402760145, "model": "m6", "actuator": "xl330"}