{"kt": 0.28345058011188073, "R": 3.428171479546043, "armature": 0.001245329115361629, "q_offset": 0.06461610125315398, "friction_base": 0.19417880175265562, "friction_stribeck": 0.19235739749165878, "dtheta_stribeck": 1.0504933739692057, "alpha": 1.840455286301855, "friction_viscous": 0.05281635971002976, "model": "m2", "actuator": "xl330"}