{"kt": 1.131614862782106, "R": 2.7581549432839436, "armature": 0.002053649750785266, "q_offset": 0.03273606647843824, "friction_base": 0.18876650351696345, "friction_stribeck": 0.1794279943983083, "load_friction_motor": 0.3389852641726923, "load_friction_external": 0.13009298410062087, "load_friction_motor_stribeck": 0.46350538769476973, "load_friction_external_stribeck": 0.155912174313018, "dtheta_stribeck": 1.4798865572714615, "alpha": 1.8589695482125261, "friction_viscous": 0.1101477325884942, "model": "m5", "actuator": "xl330"}