{"kt": 0.15623953683561165, "R": 3.575980608151658, "armature": 0.0010388844235000862, "q_offset": -0.09201860703517152, "friction_base": 0.1921943008896923, "friction_viscous": 1.0739046008071832e-06, "model": "m1", "actuator": "xl330"}