{"kt": 0.360137890801954, "R": 4.558386459640872, "armature": 0.0011701162809693967, "q_offset": 0.07642264034873902, "friction_base": 0.18682129604673256, "friction_stribeck": 0.18245107404622524, "dtheta_stribeck": 1.12702037409427, "alpha": 1.898489298189741, "friction_viscous": 0.03611509584200721, "model": "m2", "actuator": "xl330"}