{"kt": 0.20547292149970223, "R": 2.6367610295866064, "armature": 0.0011394076113150238, "q_offset": 0.09675038844592856, "friction_base": 0.19998260752955033, "load_friction_base": 0.4031262364983309, "friction_viscous": 3.4655333977095746e-07, "model": "m3", "actuator": "xl330"}