{"kt": 0.15098437768009237, "R": 2.8457786368786966, "armature": 0.001061175095407978, "q_offset": -0.09999999955091846, "friction_base": 0.19999999999750218, "load_friction_base": 0.14179891737284026, "friction_viscous": 0.0006757508916571484, "model": "m3", "actuator": "xl330"}