{"kt": 1.4450963824286234, "R": 1.8478200209702451, "armature": 0.00232501022165747, "q_offset": 0.09811393189609538, "friction_base": 0.13756921477628534, "friction_stribeck": 0.16544630683390632, "load_friction_motor": 0.4891814868947308, "load_friction_external": 0.20486562956212057, "load_friction_motor_stribeck": 0.42346479167352025, "load_friction_external_stribeck": 0.29419004781029623, "dtheta_stribeck": 1.8539546710897783, "alpha": 2.4079608938930592, "friction_viscous": 0.027099848570219895, "model": "m5", "actuator": "xl330"}