{"kt": 1.4739064780970934, "R": 2.8762508076243503, "armature": 0.0024609243242168246, "q_offset": 0.04089104665130233, "friction_base": 0.15961239020288837, "friction_stribeck": 0.18833566823383027, "load_friction_base": 0.2286598951817759, "load_friction_stribeck": 0.6214823452006482, "dtheta_stribeck": 2.2888911563348207, "alpha": 2.005237105323613, "friction_viscous": 0.00881966596411992, "model": "m4", "actuator": "xl330"}