{"kt": 1.057548461275563, "R": 2.694016221804094, "armature": 0.0018684654795201804, "q_offset": 0.03489551710086211, "friction_base": 0.14450461708636597, "friction_stribeck": 0.15457268221592865, "load_friction_motor": 0.19824658008981233, "load_friction_external": 0.21318886319070346, "load_friction_motor_stribeck": 0.6311069077017716, "load_friction_external_stribeck": 0.13534827894038823, "load_friction_motor_quad": 0.005311515598907475, "load_friction_external_quad": 0.001218024113766308, "dtheta_stribeck": 1.7287051661008874, "alpha": 1.7410779190955763, "friction_viscous": 0.16297907334232695, "model": "m6", "actuator": "xl330"}