{"kt": 0.16269318518489292, "R": 3.6908007559826124, "armature": 0.0010032514208884386, "q_offset": -0.09937938311822041, "friction_base": 0.19315916533151523, "friction_viscous": 0.00028784877415531277, "model": "m1", "actuator": "xl330"}