{"kt": 0.16398790432082266, "R": 2.9052070824319696, "armature": 0.0010000000344495194, "q_offset": -0.06102057291956874, "friction_base": 0.19999999897731516, "load_friction_base": 0.18502947505680128, "friction_viscous": 0.000941604091620988, "model": "m3", "actuator": "xl330"}