{"kt": 0.14206014923496368, "R": 3.096174555821583, "armature": 0.0010441191277278975, "q_offset": -0.0832659398786834, "friction_base": 0.19999999838236793, "friction_viscous": 0.001838817181181692, "model": "m1", "actuator": "xl330"}