{"kt": 1.4314686392753384, "R": 2.1720342985133207, "armature": 0.0043883228674967325, "q_offset": -0.09027047593699591, "friction_base": 0.1438753026110572, "friction_stribeck": 0.12528442956693647, "load_friction_motor": 0.0779475999959889, "load_friction_external": 0.4003882877128971, "load_friction_motor_stribeck": 0.8133572967143293, "load_friction_external_stribeck": 0.9379784689993315, "load_friction_motor_quad": 0.004161521162733136, "load_friction_external_quad": 0.005731356995839114, "dtheta_stribeck": 1.3499211290860333, "alpha": 2.7277873393555887, "friction_viscous": 0.24548390726806296, "model": "m6", "actuator": "xl330"}