{"kt": 1.0269354075598915, "R": 2.7667137955696735, "armature": 0.0016268432503473945, "q_offset": -0.09071577874464216, "friction_base": 0.19360826200936399, "friction_stribeck": 0.14003524437702686, "load_friction_base": 0.34505188120384117, "load_friction_stribeck": 0.4576047405675572, "dtheta_stribeck": 1.9525559843717428, "alpha": 1.626368010348004, "friction_viscous": 0.08893453411899965, "model": "m4", "actuator": "xl330"}