{"kt": 1.1134149455479836, "R": 1.6370557108773345, "armature": 0.004175407889004301, "q_offset": -0.006760495126093377, "friction_base": 0.14999992591479375, "friction_stribeck": 0.15859785540116061, "load_friction_base": 0.1439900284245595, "load_friction_stribeck": 0.7332079330886513, "dtheta_stribeck": 1.7042259149264443, "alpha": 2.302610815183121, "friction_viscous": 0.3163774786179484, "model": "m4", "actuator": "xl330"}