{"kt": 0.3928239554509926, "R": 3.7318726077240676, "armature": 0.0018072510068105176, "q_offset": -0.08294355477747885, "friction_base": 0.12900823969409309, "friction_stribeck": 0.13250868059858892, "load_friction_motor": 0.09072483646301027, "load_friction_external": 0.4463083837073516, "load_friction_motor_stribeck": 0.3687986307069628, "load_friction_external_stribeck": 0.48530416691145956, "load_friction_motor_quad": 0.007739689796551247, "load_friction_external_quad": 0.006907351947147708, "dtheta_stribeck": 1.9168476113681208, "alpha": 1.673978766547403, "friction_viscous": 0.014494162164273627, "model": "m6", "actuator": "xl330"}