{"kt": 2.9973965817187738, "R": 1.0043459554888907, "armature": 0.03503022418623567, "q_offset": 0.043095311052998575, "friction_base": 0.0568683643188525, "friction_stribeck": 0.08210342413803867, "load_friction_motor": 0.0013173324523287552, "load_friction_external": 0.020307693061143352, "load_friction_motor_stribeck": 0.004681124950381699, "load_friction_external_stribeck": 0.984930816818451, "load_friction_motor_quad": 0.004510349336164586, "load_friction_external_quad": 0.006404225955269313, "dtheta_stribeck": 0.09494394053625342, "alpha": 1.7211229458617867, "friction_viscous": 0.12492123672332152, "model": "m6", "actuator": "xl330"}